soundCode,variantId,assetId,name,category,spaceType,resourceAddress,format,durationSec,sizeBytes,isDefault,isDefaultCandidate,allowRecommendation,purpose,copyrightStatus,originalFilename,sha256
A01,A01-01,e2e2bddf-8c80-59c1-bf81-43a542ee2a54,小雨 候选01,小雨,outdoor,assets/audio/A01/A01-01_小雨.mp3,mp3,90.024,2880768,False,False,False,自然声候选素材，审核后用于内容中心试听及方案,pending_review,dragon-studio-gentle-rain-07-437321.mp3,4bbeffc74f48dc64312937451b04081b693602ba5fa53d5607eb986b282ee33f
A01,A01-02,7647df7e-aba4-589e-bd9f-7e56c3c3e8d3,小雨 候选02,小雨,outdoor,assets/audio/A01/A01-02_小雨.mp3,mp3,530.616,16979712,False,True,False,自然声候选素材，审核后用于内容中心试听及方案,pending_review,eryliaa-gentle-rain-for-relaxation-and-sleep-337279.mp3,3f96de2d322f7d3d5fa4a28ef2b193e2ccb1f8319d2358e669d9f3f38b74ab88
A01,A01-03,29374e78-ef05-5b96-9076-37b377ba8d1d,小雨 候选03,小雨,outdoor,assets/audio/A01/A01-03_小雨.mp3,mp3,310.08,6201600,False,False,False,自然声候选素材，审核后用于内容中心试听及方案,pending_review,freesound_community-gentle-rain-sound-51799.mp3,1444dc67b3c269444f5d8ce239ff6b544f9a9065c49ed2222f1ec8502c4bc321
A02,A02-01,8f7f5ee7-ac98-5cda-be07-702039bd0b89,雨打窗户 候选01,雨打窗户,indoor,assets/audio/A02/A02-01_雨打窗户.mp3,mp3,146.856,4699392,False,False,False,自然声候选素材，审核后用于内容中心试听及方案,pending_review,eryliaa-gentle-rain-on-window-350529.mp3,21c9fc2abccf585dfbc57cdee963b3fc25338bfd43e68dc96a10c6a8672755db
A02,A02-02,69c3bf44-715d-5a1f-aec7-8ae9dd18ce60,雨打窗户 候选02,雨打窗户,indoor,assets/audio/A02/A02-02_雨打窗户.mp3,mp3,760.344,24331008,False,True,False,自然声候选素材，审核后用于内容中心试听及方案,pending_review,eryliaa-gentle-rain-on-window-for-sleep-422420.mp3,e038d6cb1237cbe6c9e12bbe6449ba1586da3954b90bc6bd71b15759cb2bd0c0
A02,A02-03,251f9f6c-1d3b-5449-8077-1268b1d59740,雨打窗户 候选03,雨打窗户,indoor,assets/audio/A02/A02-03_雨打窗户.mp3,mp3,254.544,8145408,False,False,False,自然声候选素材，审核后用于内容中心试听及方案,pending_review,eryliaa-soft-rain-on-window-glass-422406.mp3,dcd8aef3fc03362f7233697513c96ba59333b5f1770fe100915c2daf7ba7c8f4
A05,A05-01,42c9fd86-88e6-5e0f-a807-916067649415,微风或窗外风 候选01,微风或窗外风,outdoor,assets/audio/A05/A05-01_微风.mp3,mp3,124.68,2493600,False,True,False,自然声候选素材，审核后用于内容中心试听及方案,pending_review,freesound_community-a-gentle-breeze-wind-3-7009.mp3,fefde06dc16d6b28f249240d40e611081a5ac4b64a548b1b244315053b52cdb3
A05,A05-02,6560943e-c02a-5bd1-979f-0da9611381de,微风或窗外风 候选02,微风或窗外风,outdoor,assets/audio/A05/A05-02_微风.mp3,mp3,8.045714,257462,False,False,False,自然声候选素材，审核后用于内容中心试听及方案,pending_review,storegraphic-soft-wind-477404.mp3,2351722d774c15b9e732befdea533dd02d4a1d10bf3987547d4bbc5d84c489f7
A05,A05-03,570439f5-283b-5cee-a431-8ed37501071f,微风或窗外风 候选03,微风或窗外风,outdoor,assets/audio/A05/A05-03_微风.mp3,mp3,22.073469,706351,False,False,False,自然声候选素材，审核后用于内容中心试听及方案,pending_review,storegraphic-soft-wind-sound-318855.mp3,d4113da84f4876a8bf9013c87f3476db50fc4155e6928b847c889b79405d5212
A06,A06-01,ed1f1439-227a-5795-ba39-d873f6295e6e,溪流或轻水声 候选01,溪流或轻水声,outdoor,assets/audio/A06/A06-01_溪流.mp3,mp3,555.0,17760000,False,False,False,自然声候选素材，审核后用于内容中心试听及方案,pending_review,allyinnature-running-stream-water-sound-239612.mp3,ce07516a407c60f71480d160e1a464e92e4e8920ffaafecf38223248842d7028
A06,A06-02,8100669e-990f-51c6-b06c-27ae7823c4e0,溪流或轻水声 候选02,溪流或轻水声,outdoor,assets/audio/A06/A06-02_溪流.mp3,mp3,176.496,5647872,False,False,False,自然声候选素材，审核后用于内容中心试听及方案,pending_review,dragon-studio-quiet-stream-420899.mp3,610ff43b0f76f2e8cf55e5105fbccd215d47252b8cfda4d2e6e07287425d6b3a
A06,A06-03,e25aed0a-9a4c-5727-b83b-4a4b1542d3ed,溪流或轻水声 候选03,溪流或轻水声,outdoor,assets/audio/A06/A06-03_溪流.mp3,mp3,720.024,23040768,False,True,False,自然声候选素材，审核后用于内容中心试听及方案,pending_review,dragon-studio-relaxing-stream-ambience-for-youtube-420901.mp3,46552bf4368332fb8e531bb4b2a4ed20a56ac77c320743726913737910834063
A09,A09-01,72042dc4-70ef-56dc-a042-07380fd96de1,森林夜晚（轻虫鸣/树叶） 候选01,森林夜晚（轻虫鸣/树叶）,outdoor,assets/audio/A09/A09-01_森林夜晚_雨声与虫鸣.mp3,mp3,899.160816,28773146,False,True,False,自然声候选素材，审核后用于内容中心试听及方案,pending_review,enternalrainsounds-light-rain-ambience-with-cricket-sound-in-forest-night-420326.mp3,c0fecf2480bb6da52ccc3fbcb46b32917de2fc6c1805124f4448172d83d77652
A09,A09-02,0a752371-afef-50f2-b41b-93ec548d7d8e,森林夜晚（轻虫鸣/树叶） 候选02,森林夜晚（轻虫鸣/树叶）,outdoor,assets/audio/A09/A09-02_森林夜晚_蛙声与虫鸣.mp3,mp3,816.984,26143488,False,False,False,自然声候选素材，审核后用于内容中心试听及方案,pending_review,eryliaa-night-forest-with-frogs-and-crickets-for-sleep-451153.mp3,8f6daecc6d32ea14f01d8dfa6e62b2de1515ae5d42ea6c34f0533d9a8024d636
A09,A09-03,95eac1aa-68ec-5d1b-9b32-2f4bc039b35a,森林夜晚（轻虫鸣/树叶） 候选03,森林夜晚（轻虫鸣/树叶）,outdoor,assets/audio/A09/A09-03_森林夜晚_虫鸣.mp3,mp3,82.08,2626560,False,False,False,自然声候选素材，审核后用于内容中心试听及方案,pending_review,freesound_community-night-cricket-ambience-22484.mp3,83fc7d07f061df15244befe6d995d62d8e03231e9aa0119cae663d26adcaf19e
A12,A12-01,97be8a83-b66a-513c-93d8-8a16f90de99a,远雷 候选01,远雷,outdoor,assets/audio/A12/A12-01_远雷_伴随雨声_仅排除测试.mp3,mp3,89.928,2877696,False,False,False,仅用于不要打雷的排除验证,pending_review,49656682-steady-rain-with-rolling-thunder-in-the-distance-341895.mp3,71f958835e98765a21b0a984b0f200d5fb7605129e847cdfd3631164812272e4
A12,A12-02,fd64a44f-2a3d-5594-8a2e-8ffaebfaafae,远雷 候选02,远雷,outdoor,assets/audio/A12/A12-02_远雷_仅排除测试.mp3,mp3,40.698776,1302360,False,False,False,仅用于不要打雷的排除验证,pending_review,derrickmckinnon-distant-thunder-320067.mp3,72c8cd7ed9eacf23a5a8fd940f678a8972a097893733ed8bd5d947012eca22dd
A12,A12-03,c1e98903-e381-5e69-9f8c-ae01532e7015,远雷 候选03,远雷,outdoor,assets/audio/A12/A12-03_远雷_持续雷声_仅排除测试.mp3,mp3,1116.238367,22324767,False,False,False,仅用于不要打雷的排除验证,pending_review,freesound_community-distant-continuous-thunder-25005.mp3,9795a017d3004393e3f3870ba60cad37f8d1f83fde816aebbf990674e7dbd462
A12,A12-04,a6a3a150-e1e8-592c-8be1-55084dfcf733,远雷 候选04,远雷,outdoor,assets/audio/A12/A12-04_远雷_仅排除测试.mp3,mp3,427.392,8547840,False,False,False,仅用于不要打雷的排除验证,pending_review,freesound_community-distant-thunder-19162.mp3,4288f469b2ac15a30743814205aa531df145ceda14e0babe5cda2f11de388e19
